{
  "height": 30,
  "width": 72,
  "x": 763.6375122070312,
  "y": 30.23750114440918
}